{"train_loss": 2.1492362022399902, "train_f1": 0.27356288676572305, "_timestamp": 1726305910.025229, "_runtime": 2.3911778926849365, "_step": 2}